HTTP.WithoutAlignment.0,0.7335379464285714,0.7452566964285714,0.7600446428571428,0.7689732142857142,0.7279575892857142,0.6986607142857143,0.6459263392857143,0.6506696428571429,0.59375,0.6375558035714285,0.6439732142857142,0.6238839285714286,0.6303013392857143,0.6431361607142857,0.6484375,0.6180245535714286,0.6185825892857142,0.6224888392857142,0.6358816964285714,0.6467633928571429,0.6372767857142857,0.6238839285714285,0.630859375,0.6517857142857143,0.6568080357142857,0.6478794642857143,0.6509486607142857,0.6548549107142857,0.6579241071428571,0.6702008928571429,0.6724330357142857,0.6551339285714286,0.6755022321428572,0.6749441964285714,0.6824776785714285,0.6847098214285714,0.7064732142857143,0.7117745535714286,0.7053571428571428,0.7087053571428571,0.7061941964285715,0.7142857142857144,0.7156808035714286,0.7273995535714286,0.7313058035714286,0.7301897321428571,0.7366071428571428,0.7525111607142856,0.7388392857142857,0.7427455357142857,0.7318638392857143,0.7321428571428571,0.7262834821428571,0.7357700892857142,0.7170758928571429,0.7176339285714285,0.7151227678571429,0.7140066964285714,0.7179129464285715,0.7265625
HTTP.SmartInitialGuess.0,0.6512276785714286,0.6955915178571429,0.7282366071428571,0.7354910714285714,0.7103794642857143,0.7373046875,0.7924107142857143,0.7879464285714286,0.8250558035714286,0.833984375,0.7926897321428572,0.8124999999999999,0.7843191964285714,0.7933872767857143,0.791015625,0.7765066964285714,0.8390066964285714,0.8330078125,0.7419084821428571,0.7540457589285715,0.7954799107142857,0.8094308035714286,0.7340959821428572,0.7759486607142857,0.8257533482142857,0.7550223214285714,0.8244977678571428,0.7931082589285714,0.7685546875000001,0.7869698660714286,0.8035714285714286,0.8083147321428571,0.8056640625,0.8034319196428572,0.763671875,0.8091517857142857,0.8038504464285715,0.8023158482142858,0.8292410714285713,0.7912946428571428,0.8133370535714287,0.8390066964285714,0.8383091517857142,0.8459821428571429,0.865234375,0.8736049107142857,0.8521205357142858,0.8618861607142857,0.8448660714285714,0.8239397321428571,0.83984375,0.8603515625,0.8297991071428571,0.7790178571428571,0.8498883928571429,0.8588169642857143,0.8260323660714286,0.8483537946428572,0.8842075892857143,0.8869977678571428
HTTP.AlbaMethod.0,0.7335379464285714,0.7452566964285714,0.7600446428571428,0.7689732142857142,0.7279575892857142,0.6986607142857143,0.6459263392857143,0.6506696428571429,0.59375,0.6375558035714285,0.6439732142857142,0.6238839285714286,0.6303013392857143,0.6431361607142857,0.6484375,0.6180245535714286,0.6185825892857142,0.6224888392857142,0.6358816964285714,0.6467633928571429,0.6372767857142857,0.6238839285714285,0.630859375,0.6517857142857143,0.6568080357142857,0.6478794642857143,0.6509486607142857,0.6548549107142857,0.6579241071428571,0.6702008928571429,0.6724330357142857,0.6551339285714286,0.6755022321428572,0.6978236607142857,0.7039620535714287,0.7087053571428572,0.7075892857142858,0.7092633928571429,0.6930803571428571,0.6975446428571429,0.7039620535714285,0.7131696428571428,0.7212611607142857,0.7335379464285715,0.7315848214285715,0.7243303571428571,0.7207031250000001,0.7260044642857143,0.7195870535714286,0.7195870535714286,0.7321428571428572,0.734375,0.7142857142857142,0.716796875,0.720703125,0.7240513392857142,0.7229352678571429,0.7223772321428572,0.7193080357142858,0.7212611607142856
HTTP.BasicActiveLearning.0,0.7335379464285714,0.7360491071428572,0.7486049107142858,0.7522321428571428,0.7209821428571428,0.7271205357142857,0.7396763392857142,0.7449776785714286,0.7511160714285714,0.771484375,0.7728794642857142,0.7795758928571429,0.7938058035714286,0.7779017857142858,0.7806919642857143,0.7876674107142857,0.7751116071428571,0.779296875,0.78125,0.7343750000000001,0.7184709821428571,0.7220982142857143,0.7142857142857143,0.7268415178571429,0.7483258928571428,0.7709263392857143,0.7787388392857143,0.7801339285714286,0.7525111607142858,0.7550223214285714,0.7706473214285714,0.7826450892857142,0.78125,0.7706473214285715,0.7396763392857143,0.7419084821428571,0.7452566964285714,0.748325892857143,0.7544642857142856,0.7536272321428572,0.7569754464285714,0.7608816964285714,0.7667410714285714,0.7352120535714286,0.7357700892857142,0.7340959821428571,0.7413504464285714,0.7391183035714286,0.7407924107142857,0.7491629464285714,0.75390625,0.7578125,0.7597656249999999,0.7606026785714286,0.7625558035714286,0.7653459821428572,0.7606026785714286,0.7625558035714285,0.7488839285714285,0.7511160714285715
HTTP.RandomSampling.0,0.7335379464285714,0.7433035714285714,0.73046875,0.7276785714285714,0.7349330357142857,0.7271205357142857,0.7301897321428571,0.7028459821428572,0.7067522321428572,0.7098214285714286,0.7145647321428571,0.7170758928571429,0.7198660714285715,0.7257254464285714,0.7279575892857143,0.7354910714285714,0.720703125,0.7232142857142858,0.7332589285714286,0.736328125,0.7338169642857143,0.7354910714285714,0.7405133928571429,0.73046875,0.7354910714285715,0.7368861607142857,0.7388392857142857,0.7421874999999999,0.7466517857142857,0.7438616071428571,0.751953125,0.7522321428571429,0.7541852678571428,0.7555803571428572,0.7650669642857142,0.7698102678571428,0.7706473214285714,0.7706473214285715,0.7712053571428571,0.7692522321428571,0.7700892857142857,0.7737165178571429,0.7748325892857142,0.7698102678571429,0.7726004464285715,0.7717633928571429,0.7672991071428571,0.7661830357142857,0.7650669642857143,0.7659040178571428,0.7645089285714286,0.7625558035714286,0.7639508928571429,0.765625,0.7642299107142857,0.7647879464285715,0.7653459821428571,0.7667410714285715,0.7670200892857143,0.7622767857142858
HT2TP.WithoutAlignment.2,0.6805574912891987,0.6724738675958188,0.6738675958188154,0.6754006968641114,0.655609756097561,0.6542160278745646,0.66801393728223,0.682787456445993,0.6843205574912893,0.6801393728222996,0.6787456445993031,0.690034843205575,0.695191637630662,0.6944947735191638,0.6942160278745645,0.6951916376306619,0.7057839721254354,0.7067595818815331,0.7081533101045295,0.7127526132404182,0.7096864111498257,0.7123344947735192,0.7167944250871079,0.7204181184668988,0.7251567944250871,0.7335191637630661,0.7335191637630661,0.7453658536585366,0.7477351916376307,0.7526132404181185,0.7541463414634145,0.7547038327526132,0.7554006968641115,0.7574912891986062,0.7583275261324042,0.7615331010452963,0.7613937282229967,0.7609756097560977,0.7593031358885018,0.7251567944250871,0.7333797909407666,0.7346341463414634,0.7349128919860627,0.7315679442508711,0.7322648083623694,0.7364459930313589,0.7349128919860627,0.73602787456446,0.7424390243902439,0.7453658536585367,0.7496864111498259,0.7609756097560976,0.761254355400697,0.7615331010452963,0.7618118466898955,0.7538675958188154,0.7594425087108014,0.7594425087108013,0.7616724738675958,0.7634843205574912
HT2TP.SmartInitialGuess.2,0.7673867595818814,0.7765853658536587,0.7537282229965158,0.5286411149825783,0.6328919860627178,0.6360975609756098,0.6869686411149826,0.7142857142857144,0.6754006968641115,0.6847386759581882,0.7059233449477353,0.7009059233449477,0.750383275261324,0.714425087108014,0.7413240418118467,0.6861324041811847,0.7428571428571428,0.7421602787456445,0.8097560975609757,0.8211149825783972,0.812822299651568,0.8260627177700348,0.6822299651567945,0.7526132404181185,0.8268989547038328,0.8309407665505226,0.8613240418118467,0.8767247386759582,0.8747735191637631,0.845993031358885,0.8723344947735191,0.8618815331010452,0.7137282229965156,0.8748432055749129,0.7251567944250872,0.8493379790940766,0.81602787456446,0.8117073170731707,0.8426480836236934,0.8244599303135889,0.8202090592334494,0.720836236933798,0.812404181184669,0.8256445993031359,0.8451567944250871,0.8733101045296168,0.7286411149825784,0.8723344947735192,0.8271080139372822,0.8349825783972126,0.8549128919860627,0.8393031358885017,0.8629965156794425,0.8347038327526133,0.8404181184668991,0.8596515679442509,0.7541463414634145,0.8054355400696864,0.796794425087108,0.8268989547038328
HT2TP.AlbaMethod.2,0.6805574912891987,0.6724738675958188,0.6738675958188154,0.6754006968641114,0.655609756097561,0.6542160278745646,0.66801393728223,0.682787456445993,0.6843205574912893,0.6801393728222996,0.6787456445993031,0.690034843205575,0.695191637630662,0.6944947735191638,0.6942160278745645,0.6951916376306619,0.7057839721254354,0.7067595818815331,0.7081533101045295,0.7127526132404182,0.7096864111498257,0.7123344947735192,0.7167944250871079,0.7204181184668988,0.7251567944250871,0.7335191637630661,0.7335191637630661,0.7453658536585366,0.7477351916376307,0.7526132404181185,0.7541463414634145,0.7547038327526132,0.7554006968641115,0.7215331010452963,0.7261324041811846,0.7304529616724739,0.7293379790940765,0.7441114982578397,0.7414634146341464,0.7429965156794425,0.7481533101045296,0.7502439024390244,0.7467595818815331,0.7471777003484321,0.7392334494773519,0.7697560975609757,0.763623693379791,0.7662717770034844,0.7732404181184669,0.8065505226480836,0.8006968641114983,0.800418118466899,0.7965156794425088,0.8048780487804879,0.8047386759581882,0.8062717770034843,0.8108710801393729,0.8416724738675959,0.8461324041811847,0.8430662020905924
HT2TP.BasicActiveLearning.2,0.6805574912891987,0.6935191637630662,0.705226480836237,0.7074564459930314,0.713588850174216,0.7236236933797909,0.714425087108014,0.7169337979094077,0.7193031358885017,0.7212543554006969,0.7156794425087107,0.7176306620209059,0.7179094076655053,0.7243205574912892,0.7254355400696864,0.7268292682926829,0.7222299651567944,0.7234843205574912,0.7268292682926829,0.7275261324041812,0.7278048780487804,0.7291986062717768,0.7364459930313589,0.7392334494773519,0.7396515679442509,0.7337979094076655,0.7350522648083624,0.735191637630662,0.742439024390244,0.7464808362369336,0.747595818815331,0.7487108013937281,0.7512195121951218,0.7534494773519164,0.7541463414634146,0.763623693379791,0.7700348432055749,0.772404181184669,0.7668292682926828,0.7737979094076655,0.7576306620209059,0.7552613240418118,0.7501045296167247,0.7512195121951218,0.7418815331010452,0.7492682926829268,0.7502439024390244,0.7502439024390244,0.7485714285714286,0.7491289198606271,0.7478745644599304,0.7514982578397212,0.7548432055749129,0.7510801393728223,0.756376306620209,0.7579094076655052,0.7535888501742161,0.7556794425087109,0.7567944250871081,0.757212543554007
HT2TP.RandomSampling.2,0.6805574912891987,0.6837630662020906,0.6936585365853658,0.703554006968641,0.7028571428571428,0.700766550522648,0.6960278745644599,0.7106620209059232,0.7154006968641115,0.7183275261324041,0.7213937282229965,0.7293379790940766,0.7287804878048781,0.73602787456446,0.725993031358885,0.7294773519163763,0.720418118466899,0.7194425087108014,0.7219512195121951,0.7216724738675958,0.7245993031358885,0.7262717770034843,0.7400696864111499,0.7400696864111498,0.7452264808362369,0.745226480836237,0.7436933797909409,0.7424390243902439,0.741184668989547,0.7475958188153311,0.7506620209059234,0.7526132404181185,0.751219512195122,0.7520557491289198,0.7554006968641115,0.7544250871080139,0.7517770034843206,0.7531707317073172,0.7538675958188154,0.7569337979094076,0.7586062717770036,0.7626480836236934,0.7655749128919861,0.7644599303135888,0.7640418118466898,0.7620905923344948,0.7641811846689895,0.7630662020905924,0.7661324041811848,0.7715679442508712,0.7711498257839722,0.7797909407665505,0.7825783972125435,0.7774216027874565,0.7795121951219512,0.7803484320557491,0.805574912891986,0.8055749128919861,0.8033449477351916,0.8068292682926829
Wilt_6_clusters.WithoutAlignment.2,0.7563559322033898,0.7415254237288136,0.760593220338983,0.763771186440678,0.7627118644067796,0.7690677966101696,0.7754237288135593,0.784957627118644,0.9565677966101694,0.961864406779661,0.9639830508474576,0.9544491525423728,0.9491525423728814,0.9533898305084746,0.958686440677966,0.9470338983050848,0.9502118644067797,0.951271186440678,0.9555084745762712,0.958686440677966,0.9608050847457626,0.9629237288135594,0.9671610169491525,0.9692796610169491,0.9925847457627119,0.9936440677966102,0.9936440677966102,0.9904661016949152,0.9904661016949152,0.9904661016949152,0.9851694915254238,0.9809322033898306,0.9777542372881356,0.9766949152542372,0.975635593220339,0.9766949152542372,0.975635593220339,0.975635593220339,0.975635593220339,0.9735169491525424,0.9745762711864406,0.9735169491525424,0.9735169491525424,0.9745762711864406,0.972457627118644,0.9671610169491526,0.9682203389830508,0.9692796610169492,0.9692796610169492,0.9713983050847458
Wilt_6_clusters.SmartInitialGuess.2,0.7457627118644068,0.5783898305084746,0.5116525423728813,0.486228813559322,0.3940677966101695,0.3665254237288136,0.30932203389830515,0.3559322033898305,0.41631355932203395,0.4046610169491526,0.5471398305084745,0.5715042372881356,0.628707627118644,0.6927966101694916,0.6001059322033898,0.614406779661017,0.8951271186440679,0.9014830508474576,0.8252118644067796,0.8008474576271186,0.7584745762711864,0.6970338983050848,0.6514830508474576,0.701271186440678,0.7266949152542372,0.7860169491525424,0.7807203389830508,0.7669491525423728,0.6917372881355932,0.5550847457627119,0.5932203389830508,0.6313559322033898,0.6620762711864407,0.711864406779661,0.7245762711864406,0.5985169491525424,0.7097457627118644,0.6514830508474576,0.6472457627118644,0.6546610169491526,0.6461864406779662,0.6896186440677966,0.7288135593220338,0.6239406779661018,0.6652542372881356,0.736228813559322,0.7245762711864406,0.663135593220339,0.573093220338983,0.6271186440677966
Wilt_6_clusters.AlbaMethod.2,0.7563559322033898,0.7415254237288136,0.760593220338983,0.763771186440678,0.7627118644067796,0.7690677966101696,0.7754237288135593,0.784957627118644,0.9565677966101694,0.961864406779661,0.9639830508474576,0.9544491525423728,0.9491525423728814,0.9533898305084746,0.958686440677966,0.9470338983050848,0.9502118644067797,0.951271186440678,0.9555084745762712,0.958686440677966,0.9608050847457626,0.9629237288135594,0.9671610169491525,0.9692796610169491,0.9925847457627119,0.9925847457627119,0.9936440677966102,0.9904661016949152,0.9883474576271186,0.9883474576271186,0.9841101694915254,0.9841101694915254,0.9841101694915254,0.9809322033898306,0.9798728813559323,0.9809322033898306,0.9809322033898306,0.9819915254237288,0.9830508474576272,0.9830508474576272,0.9830508474576272,0.9819915254237288,0.9819915254237288,0.9819915254237288,0.9819915254237288,0.9798728813559323,0.9819915254237288,0.9819915254237288,0.9798728813559322,0.9798728813559322
Wilt_6_clusters.BasicActiveLearning.2,0.7563559322033898,0.7733050847457628,0.7860169491525424,0.7923728813559322,0.8061440677966102,0.8103813559322034,0.8177966101694916,0.7891949152542372,0.795550847457627,0.8029661016949152,0.7934322033898304,0.8019067796610169,0.8072033898305084,0.8103813559322035,0.8135593220338984,0.9671610169491526,0.9692796610169492,0.951271186440678,0.9427966101694916,0.9438559322033898,0.9449152542372882,0.948093220338983,0.9491525423728813,0.9512711864406779,0.926906779661017,0.9184322033898306,0.9141949152542374,0.9279661016949152,0.9364406779661016,0.9396186440677966,0.9375,0.9396186440677966,0.9427966101694915,0.9385593220338984,0.940677966101695,0.9459745762711864,0.9470338983050848,0.948093220338983,0.9459745762711864,0.9427966101694916,0.9449152542372882,0.9343220338983051,0.9364406779661016,0.9385593220338982,0.9417372881355933,0.9449152542372882,0.9470338983050848,0.9459745762711864,0.948093220338983,0.9343220338983051
Wilt_6_clusters.RandomSampling.2,0.7563559322033898,0.7542372881355932,0.795550847457627,0.8040254237288136,0.8114406779661018,0.8167372881355932,0.7923728813559322,0.7531779661016949,0.7595338983050848,0.7648305084745763,0.7584745762711864,0.746822033898305,0.7478813559322034,0.7510593220338982,0.7552966101694916,0.7563559322033898,0.7605932203389831,0.7648305084745763,0.7722457627118644,0.777542372881356,0.7807203389830508,0.784957627118644,0.7870762711864406,0.7913135593220338,0.791313559322034,0.7923728813559321,0.7923728813559321,0.795550847457627,0.7944915254237288,0.7966101694915253,0.7934322033898304,0.7934322033898304,0.7934322033898304,0.7966101694915253,0.7902542372881356,0.791313559322034,0.7923728813559322,0.7966101694915253,0.798728813559322,0.7997881355932204,0.801906779661017,0.8029661016949152,0.8040254237288136,0.8050847457627119,0.8050847457627119,0.8050847457627119,0.8061440677966102,0.8050847457627119,0.8040254237288136,0.8050847457627119
Wilt_6_clusters.WithAlignment.2,0.6419491525423728,0.5656779661016949,0.513771186440678,0.38983050847457623,0.3432203389830508,0.3495762711864407,0.4216101694915254,0.4258474576271187,0.5911016949152543,0.5111228813559322,0.5858050847457628,0.5466101694915254,0.6758474576271186,0.6763771186440678,0.5826271186440678,0.5121822033898304,0.5905720338983051,0.5958686440677966,0.642478813559322,0.579978813559322,0.5286016949152543,0.5651483050847458,0.6085805084745763,0.5307203389830508,0.6626059322033898,0.5492584745762712,0.5248940677966102,0.5259533898305084,0.5455508474576272,0.4242584745762712,0.7293432203389831,0.7425847457627118,0.604343220338983,0.6536016949152542,0.5677966101694916,0.520656779661017,0.6244703389830508,0.5619703389830508,0.5725635593220338,0.6689618644067796,0.583156779661017,0.6361228813559322,0.6440677966101696,0.704978813559322,0.6001059322033899,0.746822033898305,0.6440677966101694,0.708156779661017,0.6509533898305084,0.5481991525423728
Wilt_50_clusters.WithoutAlignment.2,0.6155270875135052,0.639604877295879,0.6369810155888254,0.6479394968359315,0.7545917579873437,0.7596851365951536,0.7613829294644235,0.759376446982559,0.7033492822966506,0.7053557647785151,0.7013427998147862,0.6894582497298967,0.7391572773576169,0.7416267942583733,0.7343725883624016,0.7295878993671864,0.7487266553480476,0.7569069300818028,0.7626176879148017,0.7397746565828061,0.7423985182898596,0.7525852755054793,0.7606112054329373,0.7626176879148017,0.7683284457478006,0.7638524463651799,0.7559808612440192,0.7448680351906158,0.7442506559654267,0.7482636209291558,0.7555178268251274,0.7618459638833153,0.7689458249729897,0.7728044451304213,0.777743478931934,0.7638524463651798,0.7714153418737458,0.7647785152029634,0.7402376910016979,0.7430158975150487,0.7504244482173175,0.7502701034110202,0.7535113443432628,0.753048309924371,0.7570612748880999,0.7504244482173175,0.7397746565828061,0.7603025158203426,0.765704584040747,0.7400833461954006
Wilt_50_clusters.SmartInitialGuess.2,0.617687914801667,0.6391418428769873,0.610279364099398,0.5413644080876678,0.5787930236147554,0.5858928847044296,0.45037814477542826,0.5102639296187683,0.5536348201883006,0.5809538509029171,0.5551782682512734,0.5314863404846426,0.5838864022225653,0.5107269640376602,0.5389720635900602,0.5786386788084581,0.5449915110356537,0.6299583269022997,0.6274888100015436,0.6072696403766012,0.5784071615990122,0.652878530637444,0.4790862787467202,0.5873591603642538,0.6107423985182898,0.5777126099706744,0.46828214230591136,0.4875752430930699,0.5280135823429541,0.6133662602253435,0.6749498379379534,0.6133662602253435,0.6343571538817719,0.6156814323198024,0.5959252971137521,0.5849668158666461,0.5897515048618612,0.595307917888563,0.6912332150023152,0.6559654267633895,0.649328600092607,0.5892884704429696,0.6301898441117456,0.6431548078407162,0.7164685908319185,0.6817410094150331,0.7187837629263775,0.7263466584349437,0.7542058959716005,0.7654730668313012
Wilt_50_clusters.AlbaMethod.2,0.6155270875135052,0.639604877295879,0.6369810155888254,0.6479394968359315,0.7545917579873437,0.7596851365951536,0.7613829294644235,0.759376446982559,0.7033492822966506,0.7053557647785151,0.7013427998147862,0.6894582497298967,0.7391572773576169,0.7416267942583733,0.7343725883624016,0.7295878993671864,0.7487266553480476,0.7569069300818028,0.7626176879148017,0.7397746565828061,0.7423985182898596,0.7525852755054793,0.7606112054329373,0.7626176879148017,0.7683284457478006,0.7757369964500694,0.7711066522611514,0.7740392035807995,0.7652415496218552,0.7649328600092606,0.7694088593918815,0.7573699645006946,0.7635437567525852,0.7683284457478006,0.7724957555178269,0.782991202346041,0.7882389257601481,0.7965735453002006,0.7848433400216083,0.7924062355301744,0.7799043062200958,0.7666306528785306,0.7737305139682049,0.7786695477697174,0.7728044451304213,0.7691001697792869,0.7715696866800432,0.7655502392344498,0.7689458249729897,0.7715696866800431
Wilt_50_clusters.BasicActiveLearning.2,0.6155270875135052,0.6312702577558265,0.6479394968359314,0.6399135669084736,0.6746411483253588,0.6720172866183052,0.6622935638215773,0.7093687297422442,0.7118382466430004,0.7204815557956475,0.7456397592221021,0.7565982404692082,0.7501157586047229,0.742089828677265,0.7511961722488038,0.7400833461954005,0.6993363173329217,0.6843648711220868,0.6706281833616298,0.6777280444513041,0.6817410094150331,0.6897669393424911,0.7087513505170551,0.6950146627565983,0.6855996295724649,0.6953233523691927,0.723105417502701,0.7244945207593765,0.7272727272727273,0.7312856922364563,0.7536656891495601,0.7160055564130267,0.7210989350208364,0.6700108041364409,0.6664608735916036,0.6709368729742244,0.7133816947059731,0.7149251427689458,0.7206359006019447,0.727735761691619,0.7288161753356999,0.7545917579873438,0.7720327210989351,0.7592221021762618,0.7663219632659362,0.7502701034110203,0.7556721716314245,0.746720172866183,0.7490353449606421,0.7453310696095077
Wilt_50_clusters.RandomSampling.2,0.6155270875135052,0.6230899830220713,0.6428461182281215,0.6744868035190615,0.6893039049235993,0.6598240469208211,0.7453310696095077,0.7371507948757524,0.7508874826362093,0.7476462417039668,0.7422441734835622,0.7343725883624016,0.7376138292946443,0.7377681741009414,0.7405463806142922,0.7457941040283994,0.7508874826362093,0.7524309306991819,0.7516592066676957,0.7425528630961568,0.7521222410865874,0.7538200339558574,0.7592221021762617,0.7573699645006946,0.75875906775737,0.7562895508566136,0.7595307917888563,0.7629263775273962,0.762772032721099,0.763389411946288,0.7655502392344498,0.7667849976848279,0.7686371353603951,0.7683284457478006,0.7738848587745022,0.7873128569223645,0.7808303750578793,0.7826825127334465,0.7882389257601481,0.7936409939805527,0.7925605803364717,0.7936409939805525,0.7961105108813088,0.7967278901064979,0.7937953387868498,0.793332304367958,0.8234295415959253,0.827288161753357,0.8243556104337089,0.8257447136903844
Wilt_50_clusters.WithAlignment.2,0.5462262694860318,0.5323352369192778,0.5261614446673869,0.5148942738076864,0.5494675104182745,0.5845809538509028,0.48989041518752896,0.5098008951998766,0.5349590986263313,0.5811081957092143,0.6262540515511653,0.5684519215928384,0.6294181200802592,0.552091372125328,0.5335699953696558,0.5318722025003858,0.4718320728507485,0.48387096774193544,0.5801821268714308,0.5121160672943356,0.5893656428461181,0.5811081957092145,0.60564901991048,0.5562586818953541,0.6829757678654113,0.6298811544991512,0.6419972217934866,0.6635283222719555,0.6824355610433709,0.6076555023923446,0.6141379842568297,0.6334310850439883,0.6462417039666616,0.7170859700571075,0.6684673560734681,0.6031795030097237,0.69377990430622,0.6541132890878222,0.5397437876215465,0.6673869424293872,0.6705510109584812,0.6788856304985338,0.5882080567988888,0.6727890106497916,0.735761691619077,0.7490353449606421,0.7169316252508103,0.6388331532643927,0.690229973761383,0.6894582497298966
Wilt_6c_60ipc.WithoutAlignment.2,0.5823266806722689,0.5678834033613445,0.5740546218487395,0.5736607142857143,0.5883665966386555,0.5898109243697479,0.5953256302521008,0.6108193277310925,0.5933560924369747,0.6735819327731093,0.6766018907563025,0.6747636554621849,0.6720063025210083,0.6814600840336135,0.7014180672268908,0.7058823529411764,0.7089023109243697,0.7018119747899159,0.7096901260504203,0.7124474789915967,0.7258403361344538,0.726890756302521,0.6968224789915967,0.6726628151260503,0.6752888655462185,0.6745010504201681,0.6830357142857143,0.6822478991596639,0.6850052521008404,0.6977415966386554,0.686843487394958,0.6931460084033614,0.6940651260504201,0.738970588235294,0.755514705882353,0.7563025210084034,0.7593224789915967,0.7624737394957983,0.7682510504201681,0.7582720588235294,0.7670693277310925,0.7354254201680672,0.7342436974789917,0.7377888655462185,0.743172268907563,0.7503939075630252,0.7503939075630253,0.7488182773109243,0.7482930672268908,0.7349002100840336
Wilt_6c_60ipc.SmartInitialGuess.2,0.5999212184873949,0.5733324579831933,0.5900735294117647,0.5365021008403361,0.5495010504201681,0.6058298319327731,0.6504726890756303,0.6892069327731093,0.618172268907563,0.6571691176470589,0.689141281512605,0.6783088235294118,0.6995798319327731,0.6839548319327731,0.7837447478991597,0.7754726890756303,0.7959558823529412,0.727547268907563,0.7892594537815125,0.6970850840336135,0.7647058823529411,0.798844537815126,0.7994353991596639,0.7519695378151261,0.7517069327731092,0.7502626050420168,0.7366071428571429,0.7468487394957983,0.7795430672268908,0.7488182773109243,0.745141806722689,0.7397584033613445,0.7774422268907564,0.7182247899159664,0.7941176470588236,0.5823266806722689,0.7536764705882353,0.788734243697479,0.7557773109243697,0.8126313025210083,0.7591911764705882,0.7780987394957983,0.8306853991596639,0.7784269957983193,0.7459952731092436,0.7621454831932772,0.7362788865546218,0.5642069327731092,0.5336134453781513,0.6968224789915967
Wilt_6c_60ipc.AlbaMethod.2,0.5823266806722689,0.5678834033613445,0.5740546218487395,0.5736607142857143,0.5883665966386555,0.5898109243697479,0.5953256302521008,0.6108193277310925,0.5933560924369747,0.6735819327731093,0.6766018907563025,0.6747636554621849,0.6720063025210083,0.6814600840336135,0.7014180672268908,0.7058823529411764,0.7089023109243697,0.7018119747899159,0.7096901260504203,0.7124474789915967,0.7258403361344538,0.726890756302521,0.6968224789915967,0.6726628151260503,0.6752888655462185,0.6745010504201681,0.6788340336134453,0.6805409663865547,0.6804096638655462,0.733061974789916,0.7347689075630252,0.6998424369747899,0.7103466386554622,0.7052258403361344,0.7095588235294117,0.7238707983193278,0.724264705882353,0.7240021008403361,0.7292542016806722,0.7345063025210083,0.7300420168067228,0.7278098739495799,0.7342436974789917,0.7362132352941178,0.7393644957983194,0.7381827731092436,0.7243960084033614,0.7301733193277312,0.7056197478991598,0.7074579831932774
Wilt_6c_60ipc.BasicActiveLearning.2,0.5823266806722689,0.5991334033613445,0.6075367647058824,0.6264443277310924,0.6327468487394958,0.61265756302521,0.6190913865546219,0.6323529411764706,0.6460084033613446,0.6265756302521008,0.7061449579831932,0.726234243697479,0.7023371848739496,0.7048319327731093,0.69655987394958,0.707326680672269,0.7070640756302521,0.7077205882352942,0.7433035714285714,0.7464548319327732,0.7291228991596639,0.7346376050420169,0.7257090336134453,0.727547268907563,0.7295168067226891,0.7297794117647058,0.7406775210084033,0.7465861344537814,0.7371323529411765,0.7427783613445379,0.732405462184874,0.7182247899159664,0.7173056722689075,0.7222951680672269,0.7243960084033614,0.7162552521008403,0.7019432773109244,0.7048319327731092,0.7100840336134453,0.7138918067226891,0.7229516806722689,0.7253151260504201,0.7524947478991596,0.7925420168067226,0.7876838235294117,0.7821691176470589,0.796875,0.8021271008403361,0.8002888655462185,0.7998949579831933
Wilt_6c_60ipc.RandomSampling.2,0.5823266806722689,0.538734243697479,0.5307247899159664,0.5451680672268908,0.5417542016806723,0.5437237394957983,0.5446428571428572,0.5497636554621849,0.5493697478991597,0.5526523109243697,0.657825630252101,0.6548056722689076,0.6622899159663865,0.6621586134453782,0.6662289915966386,0.6613707983193278,0.6587447478991597,0.6579569327731093,0.6558560924369747,0.6603203781512604,0.6618960084033613,0.6555934873949579,0.6532300420168068,0.6540178571428571,0.6517857142857143,0.6590073529411764,0.6651785714285714,0.6675420168067226,0.6783088235294117,0.6792279411764706,0.6794905462184874,0.6750262605042017,0.6821165966386555,0.6839548319327732,0.680015756302521,0.6798844537815126,0.6817226890756303,0.6819852941176471,0.6829044117647058,0.6752888655462185,0.6817226890756303,0.6796218487394959,0.6785714285714286,0.6766018907563025,0.6783088235294117,0.6827731092436975,0.755514705882353,0.7591911764705883,0.7605042016806723,0.7645745798319328
Wilt_6c_60ipc.WithAlignment.2,0.5383403361344539,0.6120010504201681,0.689469537815126,0.6611081932773109,0.6437762605042017,0.6951811974789917,0.7169117647058824,0.7611607142857143,0.7740283613445378,0.6687237394957983,0.7242647058823528,0.756827731092437,0.7548581932773109,0.7614889705882353,0.7606355042016807,0.7908350840336135,0.788734243697479,0.7222951680672269,0.7079831932773109,0.8035714285714285,0.7702862394957983,0.7772452731092437,0.5078781512605042,0.7559086134453782,0.7853203781512604,0.7752100840336134,0.7587972689075629,0.7795430672268907,0.7606355042016807,0.7478991596638654,0.6894695378151261,0.7650997899159664,0.7393644957983193,0.7557116596638656,0.7736344537815126,0.6613707983193278,0.8247111344537814,0.8240546218487396,0.8042279411764706,0.8081670168067228,0.7714023109243697,0.7660189075630253,0.8127626050420168,0.7762605042016806,0.766281512605042,0.7559086134453782,0.8012736344537815,0.8048188025210083,0.7832195378151261,0.8009453781512605
Wilt_30c_10ipc_30b.WithoutAlignment.2,0.8181818181818181,0.8139306736429037,0.8203073904512752,0.8234139960758665,0.8492478744277305,0.8495748855461086,0.8225964682799215,0.8217789404839764,0.8082079790712884,0.8253760627861347,0.8113145846958797,0.7944735120994114,0.8044473512099412,0.8199803793328974,0.8229234793982996,0.82946370176586,0.868868541530412,0.867396991497711,0.8896337475474166,0.8889797253106606,0.8871811641595815,0.8906147809025508,0.8781883584041856,0.8868541530412033,0.8839110529758012,0.8829300196206671,0.895029431000654,0.8917593198168737,0.8791693917593199,0.881621975147155,0.8879986919555265,0.8824395029431,0.8863636363636364,0.8911052975801177,0.8912688031393067,0.8893067364290386,0.8829300196206671,0.8845650752125572,0.8850555918901243,0.8920863309352518,0.8862001308044474,0.8891432308698495,0.894375408763898,0.8965009810333551,0.8951929365598431,0.8991170699803793,0.9005886200130804,0.9014061478090255,0.9045127534336168,0.906965336821452
AAA.WithoutAlignment.2,0.5643274853801169,0.6096491228070176,0.6023391812865497,0.5350877192982456,0.5467836257309941,0.5482456140350878,0.5614035087719298,0.5453216374269005,0.5526315789473684,0.5687134502923976,0.5380116959064328,0.543859649122807,0.5292397660818714,0.5204678362573099,0.5307017543859649,0.5248538011695907,0.5307017543859649,0.5277777777777778,0.5292397660818714,0.5233918128654971,0.5307017543859649,0.5350877192982456,0.5350877192982456,0.5365497076023391,0.5277777777777778,0.5248538011695906,0.5277777777777777,0.5248538011695906,0.5248538011695907,0.5277777777777778,0.5277777777777777,0.5263157894736842,0.5277777777777777,0.533625730994152,0.5394736842105263,0.5394736842105263,0.5307017543859649,0.5336257309941521,0.5292397660818713,0.5350877192982456,0.533625730994152,0.5497076023391814,0.6330409356725146,0.6374269005847952,0.631578947368421,0.8932748538011696,0.902046783625731,0.9166666666666666,0.9210526315789473,0.9269005847953217,0.932748538011696,0.9415204678362572,0.9371345029239766,0.935672514619883,0.9342105263157895,0.9342105263157895,0.9327485380116959,0.9385964912280702,0.935672514619883,0.9356725146198831
AAA.AlbaMethod.2,0.5643274853801169,0.6096491228070176,0.6023391812865497,0.5350877192982456,0.5467836257309941,0.5482456140350878,0.5614035087719298,0.5453216374269005,0.5526315789473684,0.5687134502923976,0.5380116959064328,0.543859649122807,0.5292397660818714,0.5204678362573099,0.5307017543859649,0.5248538011695907,0.5307017543859649,0.5277777777777778,0.5292397660818714,0.5233918128654971,0.5307017543859649,0.5350877192982456,0.5350877192982456,0.5365497076023391,0.5277777777777778,0.5248538011695906,0.5277777777777777,0.5248538011695906,0.5248538011695907,0.5277777777777778,0.5277777777777777,0.5204678362573099,0.5380116959064328,0.6359649122807018,0.631578947368421,0.6301169590643274,0.6301169590643274,0.6403508771929824,0.6432748538011696,0.6491228070175439,0.9064327485380117,0.8859649122807017,0.8859649122807017,0.8698830409356726,0.8669590643274854,0.8669590643274854,0.8654970760233919,0.8625730994152048,0.8625730994152047,0.8567251461988303,0.8581871345029239,0.8581871345029239,0.8581871345029239,0.8567251461988303,0.8596491228070176,0.8596491228070176,0.8640350877192982,0.858187134502924,0.8625730994152047,0.8611111111111112
AAA.BasicActiveLearning.2,0.5643274853801169,0.5833333333333333,0.6301169590643275,0.6418128654970761,0.6476608187134503,0.6038011695906432,0.5994152046783625,0.5409356725146199,0.5423976608187134,0.5277777777777778,0.5233918128654971,0.5321637426900585,0.5248538011695907,0.5175438596491229,0.5073099415204678,0.5116959064327485,0.5146198830409356,0.5248538011695907,0.4956140350877193,0.48830409356725146,0.4956140350877193,0.48976608187134507,0.5,0.5029239766081871,0.5014619883040936,0.4956140350877193,0.49122807017543857,0.48391812865497075,0.47953216374269003,0.48245614035087714,0.48391812865497075,0.48684210526315785,0.48391812865497075,0.48391812865497075,0.48245614035087725,0.48684210526315785,0.49122807017543857,0.4941520467836257,0.49122807017543857,0.4926900584795322,0.4926900584795322,0.4970760233918129,0.5,0.4985380116959064,0.5014619883040936,0.5014619883040936,0.5029239766081871,0.5,0.49707602339181284,0.4956140350877193,0.4941520467836257,0.4956140350877193,0.4956140350877193,0.5,0.5,0.49853801169590645,0.5423976608187134,0.5409356725146199,0.5409356725146198,0.5423976608187134
AAA.RandomSampling.2,0.5643274853801169,0.5336257309941521,0.5146198830409356,0.5438596491228069,0.5365497076023392,0.543859649122807,0.5423976608187134,0.5394736842105263,0.5336257309941521,0.5409356725146199,0.5160818713450293,0.543859649122807,0.5497076023391813,0.5555555555555556,0.564327485380117,0.5672514619883041,0.5804093567251462,0.5760233918128655,0.5833333333333333,0.5921052631578948,0.6505847953216374,0.6622807017543859,0.6432748538011696,0.6461988304093567,0.631578947368421,0.6052631578947368,0.6096491228070176,0.611111111111111,0.8187134502923976,0.8245614035087719,0.7982456140350876,0.7909356725146199,0.7865497076023391,0.7821637426900585,0.7807017543859649,0.7880116959064327,0.7967836257309941,0.8070175438596491,0.8026315789473685,0.8070175438596492,0.8070175438596492,0.8114035087719298,0.814327485380117,0.8187134502923976,0.8114035087719298,0.8099415204678362,0.8157894736842105,0.8157894736842105,0.8157894736842105,0.814327485380117,0.8157894736842105,0.8172514619883041,0.8157894736842105,0.8172514619883041,0.8114035087719298,0.8099415204678363,0.8128654970760234,0.8114035087719298,0.8114035087719298,0.8947368421052632
Yeast.AlbaMethod.2,0.40821256038647347,0.3997584541062802,0.39553140096618356,0.3991545893719807,0.40700483091787437,0.4064009661835749,0.40942028985507245,0.4064009661835749,0.40398550724637683,0.40519323671497587
Yeast.SmartInitialGuess.2,0.6570048309178744,0.5507246376811594,0.23913043478260868,0.41666666666666663,0.6745169082125604,0.3623188405797101,0.8007246376811594,0.5972222222222222,0.38285024154589375,0.29830917874396135
Yeast.WithoutAlignment.2,0.40821256038647347,0.3997584541062802,0.39553140096618356,0.3991545893719807,0.40700483091787437,0.4064009661835749,0.40942028985507245,0.4064009661835749,0.40398550724637683,0.40519323671497587
Yeast.BasicActiveLearning.2,0.40821256038647347,0.40398550724637683,0.40519323671497587,0.40096618357487923,0.40458937198067635,0.410024154589372,0.4094202898550725,0.4070048309178744,0.40458937198067635,0.4057971014492754
Yeast.RandomSampling.2,0.40821256038647347,0.40760869565217384,0.4094202898550725,0.40458937198067635,0.40458937198067635,0.4045893719806763,0.40157004830917875,0.40821256038647336,0.41062801932367154,0.4100241545893719
Yeast.AlbaMethod.3,0.44924326319675156,0.4603174603174603,0.46733111849390924,0.46917681801402733,0.4658545588778147,0.4724990771502399,0.48246585455887786,0.47840531561461797,0.5079365079365079,0.5075673680324844
Yeast.RandomSampling.3,0.44924326319675156,0.45588778146917674,0.45810262089331855,0.45256552233296415,0.45145810262089325,0.4481358434846807,0.4510889627168697,0.48652639350313764,0.48246585455887775,0.48062015503875966
Yeast2.RandomSampling.2,0.3660714285714286,0.39968487394957986,0.3807773109243697,0.3928571428571429,0.39968487394957986,0.3954831932773109,0.3960084033613446,0.3975840336134454,0.3949579831932773,0.39495798319327735
Yeast2.RandomSampling.3,0.44924326319675156,0.45588778146917674,0.45810262089331855,0.45256552233296415,0.45145810262089325,0.4481358434846807,0.4510889627168697,0.48652639350313764,0.48246585455887775,0.48062015503875966
